Driver,AvgRaceLapTime,ReadableAvgLap,PitStopCount,QualiPosition,FinalPosition,AirTemp,TrackTemp,Humidity,GP,Year,AvgQualifyingPosition,AvgFinishingPosition
ALB,100.46508771929825,1:40.465,3.0,15.0,10.0,27.43,31.01,21.5,Bahrain Grand Prix,2023,16.0,14.25
ALO,99.56794736842104,1:39.567,2.0,5.0,3.0,27.43,31.01,21.5,Bahrain Grand Prix,2023,10.06060606060606,10.181818181818182
BOT,100.16461403508771,1:40.164,2.0,12.0,8.0,27.43,31.01,21.5,Bahrain Grand Prix,2023,5.96969696969697,8.696969696969697
DEV,101.05819642857143,1:41.058,2.0,19.0,14.0,27.43,31.01,21.5,Bahrain Grand Prix,2023,,
GAS,100.18401754385964,1:40.184,3.0,20.0,9.0,27.43,31.01,21.5,Bahrain Grand Prix,2023,8.575757575757576,11.242424242424242
HAM,99.78443859649123,1:39.784,2.0,7.0,5.0,27.43,31.01,21.5,Bahrain Grand Prix,2023,3.9696969696969697,4.181818181818182
HUL,101.08298214285715,1:41.082,3.0,10.0,15.0,27.43,31.01,21.5,Bahrain Grand Prix,2023,17.5,14.5
LEC,99.64405128205128,1:39.644,2.0,3.0,19.0,27.43,31.01,21.5,Bahrain Grand Prix,2023,5.242424242424242,6.909090909090909
MAG,100.95523214285716,1:40.955,3.0,17.0,13.0,27.43,31.01,21.5,Bahrain Grand Prix,2023,12.166666666666666,12.75
NOR,102.60676363636364,1:42.606,6.0,11.0,17.0,27.43,31.01,21.5,Bahrain Grand Prix,2023,7.363636363636363,7.575757575757576
OCO,102.91624390243902,1:42.916,3.0,9.0,18.0,27.43,31.01,21.5,Bahrain Grand Prix,2023,11.757575757575758,10.818181818181818
PER,99.10040350877193,1:39.100,2.0,2.0,2.0,27.43,31.01,21.5,Bahrain Grand Prix,2023,5.7272727272727275,6.0606060606060606
PIA,103.27576923076923,1:43.275,,18.0,20.0,27.43,31.01,21.5,Bahrain Grand Prix,2023,,
RUS,99.87033333333333,1:39.870,2.0,6.0,7.0,27.43,31.01,21.5,Bahrain Grand Prix,2023,10.636363636363637,10.909090909090908
SAI,99.73312280701755,1:39.733,2.0,4.0,4.0,27.43,31.01,21.5,Bahrain Grand Prix,2023,6.2727272727272725,7.181818181818182
SAR,100.67628571428573,1:40.676,3.0,16.0,12.0,27.43,31.01,21.5,Bahrain Grand Prix,2023,,
STR,99.8462807017544,1:39.846,2.0,8.0,6.0,27.43,31.01,21.5,Bahrain Grand Prix,2023,14.575757575757576,12.212121212121213
TSU,100.48431578947368,1:40.484,3.0,14.0,11.0,27.43,31.01,21.5,Bahrain Grand Prix,2023,13.21875,13.09375
VER,98.89010526315789,1:38.890,2.0,1.0,1.0,27.43,31.01,21.5,Bahrain Grand Prix,2023,2.6666666666666665,4.545454545454546
ZHO,101.36401785714285,1:41.364,3.0,13.0,16.0,27.43,31.01,21.5,Bahrain Grand Prix,2023,13.666666666666666,14.833333333333334
ALB,100.94432,1:40.944,1.0,17.0,19.0,26.09,31.79,57.79,Saudi Arabian Grand Prix,2023,16.0,14.25
ALO,94.835875,1:34.835,1.0,3.0,3.0,26.09,31.79,57.79,Saudi Arabian Grand Prix,2023,10.06060606060606,10.181818181818182
BOT,99.02766666666668,1:39.027,3.0,14.0,18.0,26.09,31.79,57.79,Saudi Arabian Grand Prix,2023,5.96969696969697,8.696969696969697
DEV,99.04744000000001,1:39.047,1.0,18.0,14.0,26.09,31.79,57.79,Saudi Arabian Grand Prix,2023,,
GAS,97.53079591836735,1:37.530,1.0,10.0,9.0,26.09,31.79,57.79,Saudi Arabian Grand Prix,2023,8.575757575757576,11.242424242424242
HAM,95.643625,1:35.643,1.0,8.0,5.0,26.09,31.79,57.79,Saudi Arabian Grand Prix,2023,3.9696969696969697,4.181818181818182
HUL,98.90964,1:38.909,1.0,11.0,12.0,26.09,31.79,57.79,Saudi Arabian Grand Prix,2023,17.5,14.5
LEC,97.24300000000001,1:37.243,1.0,2.0,7.0,26.09,31.79,57.79,Saudi Arabian Grand Prix,2023,5.242424242424242,6.909090909090909
MAG,98.79440000000001,1:38.794,1.0,13.0,10.0,26.09,31.79,57.79,Saudi Arabian Grand Prix,2023,12.166666666666666,12.75
NOR,99.22678,1:39.226,2.0,19.0,17.0,26.09,31.79,57.79,Saudi Arabian Grand Prix,2023,7.363636363636363,7.575757575757576
OCO,97.4653469387755,1:37.465,1.0,7.0,8.0,26.09,31.79,57.79,Saudi Arabian Grand Prix,2023,11.757575757575758,10.818181818181818
PER,94.24502083333334,1:34.245,1.0,1.0,1.0,26.09,31.79,57.79,Saudi Arabian Grand Prix,2023,5.7272727272727275,6.0606060606060606
PIA,99.1983,1:39.198,1.0,9.0,15.0,26.09,31.79,57.79,Saudi Arabian Grand Prix,2023,,
RUS,95.16035416666666,1:35.160,1.0,4.0,4.0,26.09,31.79,57.79,Saudi Arabian Grand Prix,2023,10.636363636363637,10.909090909090908
SAI,97.04638775510205,1:37.046,1.0,5.0,6.0,26.09,31.79,57.79,Saudi Arabian Grand Prix,2023,6.2727272727272725,7.181818181818182
SAR,99.22373999999999,1:39.223,1.0,20.0,16.0,26.09,31.79,57.79,Saudi Arabian Grand Prix,2023,,
STR,97.324,1:37.323,1.0,6.0,20.0,26.09,31.79,57.79,Saudi Arabian Grand Prix,2023,14.575757575757576,12.212121212121213
TSU,97.75483673469388,1:37.754,1.0,16.0,11.0,26.09,31.79,57.79,Saudi Arabian Grand Prix,2023,13.21875,13.09375
VER,94.92664583333334,1:34.926,1.0,15.0,2.0,26.09,31.79,57.79,Saudi Arabian Grand Prix,2023,2.6666666666666665,4.545454545454546
ZHO,99.01907999999999,1:39.019,2.0,12.0,13.0,26.09,31.79,57.79,Saudi Arabian Grand Prix,2023,13.666666666666666,14.833333333333334
ALB,102.9735,1:42.973,,8.0,19.0,17.45,30.14,54.16,Australian Grand Prix,2023,16.0,14.25
ALO,85.77373076923078,1:25.773,3.0,4.0,3.0,17.45,30.14,54.16,Australian Grand Prix,2023,10.06060606060606,10.181818181818182
BOT,87.86484313725491,1:27.864,7.0,19.0,11.0,17.45,30.14,54.16,Australian Grand Prix,2023,5.96969696969697,8.696969696969697
DEV,88.39060784313726,1:28.390,4.0,15.0,15.0,17.45,30.14,54.16,Australian Grand Prix,2023,,
GAS,86.08175,1:26.081,2.0,9.0,13.0,17.45,30.14,54.16,Australian Grand Prix,2023,8.575757575757576,11.242424242424242
HAM,87.48888679245283,1:27.488,3.0,3.0,2.0,17.45,30.14,54.16,Australian Grand Prix,2023,3.9696969696969697,4.181818181818182
HUL,86.52936538461539,1:26.529,3.0,10.0,7.0,17.45,30.14,54.16,Australian Grand Prix,2023,17.5,14.5
LEC,,,,7.0,20.0,17.45,30.14,54.16,Australian Grand Prix,2023,5.242424242424242,6.909090909090909
MAG,87.23292,1:27.232,2.0,14.0,17.0,17.45,30.14,54.16,Australian Grand Prix,2023,12.166666666666666,12.75
NOR,86.56167307692309,1:26.561,3.0,13.0,6.0,17.45,30.14,54.16,Australian Grand Prix,2023,7.363636363636363,7.575757575757576
OCO,86.74915384615385,1:26.749,3.0,11.0,14.0,17.45,30.14,54.16,Australian Grand Prix,2023,11.757575757575758,10.818181818181818
PER,86.38034615384616,1:26.380,6.0,20.0,5.0,17.45,30.14,54.16,Australian Grand Prix,2023,5.7272727272727275,6.0606060606060606
PIA,87.2793076923077,1:27.279,4.0,16.0,8.0,17.45,30.14,54.16,Australian Grand Prix,2023,,
RUS,93.6108,1:33.610,2.0,2.0,18.0,17.45,30.14,54.16,Australian Grand Prix,2023,10.636363636363637,10.909090909090908
SAI,86.09380769230769,1:26.093,4.0,5.0,12.0,17.45,30.14,54.16,Australian Grand Prix,2023,6.2727272727272725,7.181818181818182
SAR,88.2158431372549,1:28.215,6.0,18.0,16.0,17.45,30.14,54.16,Australian Grand Prix,2023,,
STR,86.12126923076923,1:26.121,3.0,6.0,4.0,17.45,30.14,54.16,Australian Grand Prix,2023,14.575757575757576,12.212121212121213
TSU,87.79834615384615,1:27.798,4.0,12.0,10.0,17.45,30.14,54.16,Australian Grand Prix,2023,13.21875,13.09375
VER,85.46938461538463,1:25.469,3.0,1.0,1.0,17.45,30.14,54.16,Australian Grand Prix,2023,2.6666666666666665,4.545454545454546
ZHO,87.85013461538462,1:27.850,5.0,17.0,9.0,17.45,30.14,54.16,Australian Grand Prix,2023,13.666666666666666,14.833333333333334
ALB,110.80507843137255,1:50.805,1.0,13.0,12.0,24.86,41.21,49.22,Azerbaijan Grand Prix,2023,16.0,14.25
ALO,107.28244897959183,1:47.282,1.0,6.0,4.0,24.86,41.21,49.22,Azerbaijan Grand Prix,2023,10.06060606060606,10.181818181818182
BOT,110.79430612244899,1:50.794,3.0,14.0,18.0,24.86,41.21,49.22,Azerbaijan Grand Prix,2023,5.96969696969697,8.696969696969697
DEV,110.62700000000001,1:50.627,,20.0,20.0,24.86,41.21,49.22,Azerbaijan Grand Prix,2023,,
GAS,110.85819607843138,1:50.858,2.0,19.0,14.0,24.86,41.21,49.22,Azerbaijan Grand Prix,2023,8.575757575757576,11.242424242424242
HAM,109.08368,1:49.083,1.0,5.0,6.0,24.86,41.21,49.22,Azerbaijan Grand Prix,2023,3.9696969696969697,4.181818181818182
HUL,109.71264583333334,1:49.712,2.0,17.0,17.0,24.86,41.21,49.22,Azerbaijan Grand Prix,2023,17.5,14.5
LEC,107.07857142857144,1:47.078,1.0,1.0,3.0,24.86,41.21,49.22,Azerbaijan Grand Prix,2023,5.242424242424242,6.909090909090909
MAG,109.52422,1:49.524,1.0,18.0,13.0,24.86,41.21,49.22,Azerbaijan Grand Prix,2023,12.166666666666666,12.75
NOR,109.7893,1:49.789,1.0,7.0,9.0,24.86,41.21,49.22,Azerbaijan Grand Prix,2023,7.363636363636363,7.575757575757576
OCO,109.25804081632654,1:49.258,2.0,12.0,15.0,24.86,41.21,49.22,Azerbaijan Grand Prix,2023,11.757575757575758,10.818181818181818
PER,106.54489795918367,1:46.544,1.0,3.0,1.0,24.86,41.21,49.22,Azerbaijan Grand Prix,2023,5.7272727272727275,6.0606060606060606
PIA,109.96768,1:49.967,1.0,10.0,11.0,24.86,41.21,49.22,Azerbaijan Grand Prix,2023,,
RUS,107.59704166666667,1:47.597,2.0,11.0,8.0,24.86,41.21,49.22,Azerbaijan Grand Prix,2023,10.636363636363637,10.909090909090908
SAI,106.84575,1:46.845,1.0,4.0,5.0,24.86,41.21,49.22,Azerbaijan Grand Prix,2023,6.2727272727272725,7.181818181818182
SAR,110.17868,1:50.178,1.0,15.0,16.0,24.86,41.21,49.22,Azerbaijan Grand Prix,2023,,
STR,107.0551875,1:47.055,1.0,9.0,7.0,24.86,41.21,49.22,Azerbaijan Grand Prix,2023,14.575757575757576,12.212121212121213
TSU,109.88802,1:49.888,1.0,8.0,10.0,24.86,41.21,49.22,Azerbaijan Grand Prix,2023,13.21875,13.09375
VER,105.89039583333334,1:45.890,1.0,2.0,2.0,24.86,41.21,49.22,Azerbaijan Grand Prix,2023,2.6666666666666665,4.545454545454546
ZHO,110.37823529411764,1:50.378,1.0,16.0,19.0,24.86,41.21,49.22,Azerbaijan Grand Prix,2023,13.666666666666666,14.833333333333334
ALB,93.5281052631579,1:33.528,1.0,11.0,14.0,27.12,36.69,59.43,Miami Grand Prix,2023,16.0,14.25
ALO,92.71133333333334,1:32.711,1.0,2.0,3.0,27.12,36.69,59.43,Miami Grand Prix,2023,10.06060606060606,10.181818181818182
BOT,93.50663157894736,1:33.506,1.0,10.0,13.0,27.12,36.69,59.43,Miami Grand Prix,2023,5.96969696969697,8.696969696969697
DEV,93.81035087719297,1:33.810,1.0,15.0,18.0,27.12,36.69,59.43,Miami Grand Prix,2023,,
GAS,93.22650877192983,1:33.226,1.0,5.0,8.0,27.12,36.69,59.43,Miami Grand Prix,2023,8.575757575757576,11.242424242424242
HAM,93.14894736842105,1:33.148,1.0,13.0,6.0,27.12,36.69,59.43,Miami Grand Prix,2023,3.9696969696969697,4.181818181818182
HUL,93.5647543859649,1:33.564,1.0,12.0,15.0,27.12,36.69,59.43,Miami Grand Prix,2023,17.5,14.5
LEC,93.17945614035088,1:33.179,1.0,7.0,7.0,27.12,36.69,59.43,Miami Grand Prix,2023,5.242424242424242,6.909090909090909
MAG,93.35414035087719,1:33.354,1.0,4.0,10.0,27.12,36.69,59.43,Miami Grand Prix,2023,12.166666666666666,12.75
NOR,93.78873684210525,1:33.788,1.0,16.0,17.0,27.12,36.69,59.43,Miami Grand Prix,2023,7.363636363636363,7.575757575757576
OCO,93.26954385964912,1:33.269,1.0,8.0,9.0,27.12,36.69,59.43,Miami Grand Prix,2023,11.757575757575758,10.818181818181818
PER,92.34429824561404,1:32.344,1.0,1.0,2.0,27.12,36.69,59.43,Miami Grand Prix,2023,5.7272727272727275,6.0606060606060606
PIA,94.26341071428571,1:34.263,1.0,19.0,19.0,27.12,36.69,59.43,Miami Grand Prix,2023,,
RUS,92.83280701754387,1:32.832,1.0,6.0,4.0,27.12,36.69,59.43,Miami Grand Prix,2023,10.636363636363637,10.909090909090908
SAI,92.9079298245614,1:32.907,1.0,3.0,5.0,27.12,36.69,59.43,Miami Grand Prix,2023,6.2727272727272725,7.181818181818182
SAR,94.51123214285714,1:34.511,1.0,20.0,20.0,27.12,36.69,59.43,Miami Grand Prix,2023,,
STR,93.38587719298245,1:33.385,1.0,18.0,12.0,27.12,36.69,59.43,Miami Grand Prix,2023,14.575757575757576,12.212121212121213
TSU,93.3780701754386,1:33.378,1.0,17.0,11.0,27.12,36.69,59.43,Miami Grand Prix,2023,13.21875,13.09375
VER,92.24984210526316,1:32.249,1.0,9.0,1.0,27.12,36.69,59.43,Miami Grand Prix,2023,2.6666666666666665,4.545454545454546
ZHO,93.62598245614036,1:33.625,1.0,14.0,16.0,27.12,36.69,59.43,Miami Grand Prix,2023,13.666666666666666,14.833333333333334
ALB,85.8596103896104,1:25.859,2.0,13.0,14.0,25.07,39.26,45.86,Monaco Grand Prix,2023,16.0,14.25
ALO,84.10129487179486,1:24.101,2.0,2.0,2.0,25.07,39.26,45.86,Monaco Grand Prix,2023,10.06060606060606,10.181818181818182
BOT,85.20705194805196,1:25.207,1.0,15.0,11.0,25.07,39.26,45.86,Monaco Grand Prix,2023,5.96969696969697,8.696969696969697
DEV,85.57528571428571,1:25.575,1.0,12.0,12.0,25.07,39.26,45.86,Monaco Grand Prix,2023,,
GAS,84.54284615384616,1:24.542,2.0,7.0,7.0,25.07,39.26,45.86,Monaco Grand Prix,2023,8.575757575757576,11.242424242424242
HAM,84.2441282051282,1:24.244,2.0,6.0,4.0,25.07,39.26,45.86,Monaco Grand Prix,2023,3.9696969696969697,4.181818181818182
HUL,86.58534210526315,1:26.585,3.0,18.0,17.0,25.07,39.26,45.86,Monaco Grand Prix,2023,17.5,14.5
LEC,84.53679487179487,1:24.536,2.0,3.0,6.0,25.07,39.26,45.86,Monaco Grand Prix,2023,5.242424242424242,6.909090909090909
MAG,86.44544927536232,1:26.445,1.0,17.0,19.0,25.07,39.26,45.86,Monaco Grand Prix,2023,12.166666666666666,12.75
NOR,84.88364935064935,1:24.883,2.0,10.0,9.0,25.07,39.26,45.86,Monaco Grand Prix,2023,7.363636363636363,7.575757575757576
OCO,84.21756410256411,1:24.217,2.0,4.0,3.0,25.07,39.26,45.86,Monaco Grand Prix,2023,11.757575757575758,10.818181818181818
PER,86.59215789473684,1:26.592,5.0,20.0,16.0,25.07,39.26,45.86,Monaco Grand Prix,2023,5.7272727272727275,6.0606060606060606
PIA,85.01219480519481,1:25.012,1.0,11.0,10.0,25.07,39.26,45.86,Monaco Grand Prix,2023,,
RUS,84.40082051282052,1:24.400,1.0,8.0,5.0,25.07,39.26,45.86,Monaco Grand Prix,2023,10.636363636363637,10.909090909090908
SAI,84.55603846153846,1:24.556,2.0,5.0,8.0,25.07,39.26,45.86,Monaco Grand Prix,2023,6.2727272727272725,7.181818181818182
SAR,86.90740789473683,1:26.907,3.0,16.0,18.0,25.07,39.26,45.86,Monaco Grand Prix,2023,,
STR,80.78247169811321,1:20.782,1.0,14.0,20.0,25.07,39.26,45.86,Monaco Grand Prix,2023,14.575757575757576,12.212121212121213
TSU,86.04638157894736,1:26.046,1.0,9.0,15.0,25.07,39.26,45.86,Monaco Grand Prix,2023,13.21875,13.09375
VER,83.74333333333333,1:23.743,1.0,1.0,1.0,25.07,39.26,45.86,Monaco Grand Prix,2023,2.6666666666666665,4.545454545454546
ZHO,85.76405194805196,1:25.764,2.0,19.0,13.0,25.07,39.26,45.86,Monaco Grand Prix,2023,13.666666666666666,14.833333333333334
ALB,81.62535384615384,1:21.625,2.0,18.0,16.0,22.67,33.84,63.08,Spanish Grand Prix,2023,16.0,14.25
ALO,80.94040909090909,1:20.940,2.0,9.0,7.0,22.67,33.84,63.08,Spanish Grand Prix,2023,10.06060606060606,10.181818181818182
BOT,81.96743076923076,1:21.967,2.0,16.0,19.0,22.67,33.84,63.08,Spanish Grand Prix,2023,5.96969696969697,8.696969696969697
DEV,81.28103076923077,1:21.281,2.0,14.0,14.0,22.67,33.84,63.08,Spanish Grand Prix,2023,,
GAS,81.0828787878788,1:21.082,2.0,4.0,10.0,22.67,33.84,63.08,Spanish Grand Prix,2023,8.575757575757576,11.242424242424242
HAM,80.33378787878787,1:20.333,2.0,5.0,2.0,22.67,33.84,63.08,Spanish Grand Prix,2023,3.9696969696969697,4.181818181818182
HUL,81.46518461538462,1:21.465,3.0,8.0,15.0,22.67,33.84,63.08,Spanish Grand Prix,2023,17.5,14.5
LEC,81.09634848484849,1:21.096,3.0,19.0,11.0,22.67,33.84,63.08,Spanish Grand Prix,2023,5.242424242424242,6.909090909090909
MAG,81.78492307692308,1:21.784,3.0,17.0,18.0,22.67,33.84,63.08,Spanish Grand Prix,2023,12.166666666666666,12.75
NOR,81.66661538461538,1:21.666,3.0,3.0,17.0,22.67,33.84,63.08,Spanish Grand Prix,2023,7.363636363636363,7.575757575757576
OCO,81.01790909090909,1:21.017,2.0,7.0,8.0,22.67,33.84,63.08,Spanish Grand Prix,2023,11.757575757575758,10.818181818181818
PER,80.51139393939394,1:20.511,2.0,11.0,4.0,22.67,33.84,63.08,Spanish Grand Prix,2023,5.7272727272727275,6.0606060606060606
PIA,81.26484615384615,1:21.264,2.0,10.0,13.0,22.67,33.84,63.08,Spanish Grand Prix,2023,,
RUS,80.4595303030303,1:20.459,2.0,12.0,3.0,22.67,33.84,63.08,Spanish Grand Prix,2023,10.636363636363637,10.909090909090908
SAI,80.66118181818182,1:20.661,2.0,2.0,5.0,22.67,33.84,63.08,Spanish Grand Prix,2023,6.2727272727272725,7.181818181818182
SAR,81.9941076923077,1:21.994,3.0,20.0,20.0,22.67,33.84,63.08,Spanish Grand Prix,2023,,
STR,80.92818181818183,1:20.928,2.0,6.0,6.0,22.67,33.84,63.08,Spanish Grand Prix,2023,14.575757575757576,12.212121212121213
TSU,81.03569696969697,1:21.035,2.0,15.0,12.0,22.67,33.84,63.08,Spanish Grand Prix,2023,13.21875,13.09375
VER,79.96878787878788,1:19.968,2.0,1.0,1.0,22.67,33.84,63.08,Spanish Grand Prix,2023,2.6666666666666665,4.545454545454546
ZHO,81.05784848484849,1:21.057,2.0,13.0,9.0,22.67,33.84,63.08,Spanish Grand Prix,2023,13.666666666666666,14.833333333333334
ALB,81.41658571428572,1:21.416,1.0,10.0,7.0,18.53,30.59,63.9,Canadian Grand Prix,2023,16.0,14.25
ALO,80.68454285714286,1:20.684,2.0,3.0,2.0,18.53,30.59,63.9,Canadian Grand Prix,2023,10.06060606060606,10.181818181818182
BOT,81.46828571428571,1:21.468,1.0,15.0,10.0,18.53,30.59,63.9,Canadian Grand Prix,2023,5.96969696969697,8.696969696969697
DEV,82.80166666666666,1:22.801,2.0,18.0,18.0,18.53,30.59,63.9,Canadian Grand Prix,2023,,
GAS,81.47995714285715,1:21.479,2.0,17.0,12.0,18.53,30.59,63.9,Canadian Grand Prix,2023,8.575757575757576,11.242424242424242
HAM,80.75022857142856,1:20.750,2.0,4.0,3.0,18.53,30.59,63.9,Canadian Grand Prix,2023,3.9696969696969697,4.181818181818182
HUL,81.96073913043479,1:21.960,2.0,2.0,15.0,18.53,30.59,63.9,Canadian Grand Prix,2023,17.5,14.5
LEC,80.81422857142857,1:20.814,1.0,11.0,4.0,18.53,30.59,63.9,Canadian Grand Prix,2023,5.242424242424242,6.909090909090909
MAG,82.7334347826087,1:22.733,2.0,14.0,17.0,18.53,30.59,63.9,Canadian Grand Prix,2023,12.166666666666666,12.75
NOR,81.45301428571429,1:21.453,2.0,7.0,13.0,18.53,30.59,63.9,Canadian Grand Prix,2023,7.363636363636363,7.575757575757576
OCO,81.42914285714285,1:21.429,2.0,6.0,8.0,18.53,30.59,63.9,Canadian Grand Prix,2023,11.757575757575758,10.818181818181818
PER,81.27680000000001,1:21.276,2.0,12.0,6.0,18.53,30.59,63.9,Canadian Grand Prix,2023,5.7272727272727275,6.0606060606060606
PIA,81.47784285714285,1:21.477,2.0,9.0,11.0,18.53,30.59,63.9,Canadian Grand Prix,2023,,
RUS,80.17984615384616,1:20.179,1.0,5.0,19.0,18.53,30.59,63.9,Canadian Grand Prix,2023,10.636363636363637,10.909090909090908
SAI,80.85554285714285,1:20.855,1.0,8.0,5.0,18.53,30.59,63.9,Canadian Grand Prix,2023,6.2727272727272725,7.181818181818182
SAR,81.67866666666667,1:21.678,,19.0,20.0,18.53,30.59,63.9,Canadian Grand Prix,2023,,
STR,81.46785714285714,1:21.467,2.0,13.0,9.0,18.53,30.59,63.9,Canadian Grand Prix,2023,14.575757575757576,12.212121212121213
TSU,81.59672857142857,1:21.596,2.0,16.0,14.0,18.53,30.59,63.9,Canadian Grand Prix,2023,13.21875,13.09375
VER,80.54782857142857,1:20.547,2.0,1.0,1.0,18.53,30.59,63.9,Canadian Grand Prix,2023,2.6666666666666665,4.545454545454546
ZHO,81.96702898550726,1:21.967,2.0,20.0,16.0,18.53,30.59,63.9,Canadian Grand Prix,2023,13.666666666666666,14.833333333333334
ALB,73.28695774647888,1:13.286,3.0,10.0,11.0,22.4,32.05,52.05,Austrian Grand Prix,2023,16.0,14.25
ALO,72.73132394366198,1:12.731,3.0,7.0,5.0,22.4,32.05,52.05,Austrian Grand Prix,2023,10.06060606060606,10.181818181818182
BOT,73.94834285714286,1:13.948,3.0,14.0,15.0,22.4,32.05,52.05,Austrian Grand Prix,2023,5.96969696969697,8.696969696969697
DEV,73.76157142857143,1:13.761,4.0,20.0,17.0,22.4,32.05,52.05,Austrian Grand Prix,2023,,
GAS,73.11653521126762,1:13.116,3.0,9.0,10.0,22.4,32.05,52.05,Austrian Grand Prix,2023,8.575757575757576,11.242424242424242
HAM,72.85638028169014,1:12.856,3.0,5.0,8.0,22.4,32.05,52.05,Austrian Grand Prix,2023,3.9696969696969697,4.181818181818182
HUL,82.04791666666667,1:22.047,2.0,8.0,20.0,22.4,32.05,52.05,Austrian Grand Prix,2023,17.5,14.5
LEC,72.37692957746478,1:12.376,3.0,2.0,2.0,22.4,32.05,52.05,Austrian Grand Prix,2023,5.242424242424242,6.909090909090909
MAG,74.02,1:14.019,4.0,19.0,18.0,22.4,32.05,52.05,Austrian Grand Prix,2023,12.166666666666666,12.75
NOR,72.67512676056339,1:12.675,3.0,4.0,4.0,22.4,32.05,52.05,Austrian Grand Prix,2023,7.363636363636363,7.575757575757576
OCO,73.51067142857143,1:13.510,3.0,12.0,14.0,22.4,32.05,52.05,Austrian Grand Prix,2023,11.757575757575758,10.818181818181818
PER,72.54640845070422,1:12.546,3.0,15.0,3.0,22.4,32.05,52.05,Austrian Grand Prix,2023,5.7272727272727275,6.0606060606060606
PIA,74.0025142857143,1:14.002,4.0,13.0,16.0,22.4,32.05,52.05,Austrian Grand Prix,2023,,
RUS,72.98605633802818,1:12.986,3.0,11.0,7.0,22.4,32.05,52.05,Austrian Grand Prix,2023,10.636363636363637,10.909090909090908
SAI,72.60540845070423,1:12.605,3.0,3.0,6.0,22.4,32.05,52.05,Austrian Grand Prix,2023,6.2727272727272725,7.181818181818182
SAR,73.5713,1:13.571,3.0,18.0,13.0,22.4,32.05,52.05,Austrian Grand Prix,2023,,
STR,73.13591549295774,1:13.135,4.0,6.0,9.0,22.4,32.05,52.05,Austrian Grand Prix,2023,14.575757575757576,12.212121212121213
TSU,73.9782857142857,1:13.978,4.0,16.0,19.0,22.4,32.05,52.05,Austrian Grand Prix,2023,13.21875,13.09375
VER,72.30432394366197,1:12.304,4.0,1.0,1.0,22.4,32.05,52.05,Austrian Grand Prix,2023,2.6666666666666665,4.545454545454546
ZHO,73.68914285714285,1:13.689,3.0,17.0,12.0,22.4,32.05,52.05,Austrian Grand Prix,2023,13.666666666666666,14.833333333333334
ALB,98.74646153846153,1:38.746,1.0,8.0,8.0,21.47,30.94,56.19,British Grand Prix,2023,16.0,14.25
ALO,98.73328846153846,1:38.733,1.0,9.0,7.0,21.47,30.94,56.19,British Grand Prix,2023,10.06060606060606,10.181818181818182
BOT,98.89938461538462,1:38.899,1.0,15.0,12.0,21.47,30.94,56.19,British Grand Prix,2023,5.96969696969697,8.696969696969697
DEV,99.03973076923077,1:39.039,2.0,18.0,17.0,21.47,30.94,56.19,British Grand Prix,2023,,
GAS,99.99128888888889,1:39.991,1.0,10.0,18.0,21.47,30.94,56.19,British Grand Prix,2023,8.575757575757576,11.242424242424242
HAM,97.48968627450981,1:37.489,1.0,7.0,3.0,21.47,30.94,56.19,British Grand Prix,2023,3.9696969696969697,4.181818181818182
HUL,98.91540384615384,1:38.915,2.0,11.0,13.0,21.47,30.94,56.19,British Grand Prix,2023,17.5,14.5
LEC,98.7620576923077,1:38.762,2.0,4.0,9.0,21.47,30.94,56.19,British Grand Prix,2023,5.242424242424242,6.909090909090909
MAG,94.70661290322582,1:34.706,,19.0,19.0,21.47,30.94,56.19,British Grand Prix,2023,12.166666666666666,12.75
NOR,97.16343137254903,1:37.163,1.0,2.0,2.0,21.47,30.94,56.19,British Grand Prix,2023,7.363636363636363,7.575757575757576
OCO,95.15011111111112,1:35.150,,13.0,20.0,21.47,30.94,56.19,British Grand Prix,2023,11.757575757575758,10.818181818181818
PER,98.65038461538461,1:38.650,1.0,15.0,6.0,21.47,30.94,56.19,British Grand Prix,2023,5.7272727272727275,6.0606060606060606
PIA,98.55219230769231,1:38.552,1.0,3.0,4.0,21.47,30.94,56.19,British Grand Prix,2023,,
RUS,98.61815384615385,1:38.618,1.0,6.0,5.0,21.47,30.94,56.19,British Grand Prix,2023,10.636363636363637,10.909090909090908
SAI,98.77665384615385,1:38.776,1.0,5.0,10.0,21.47,30.94,56.19,British Grand Prix,2023,6.2727272727272725,7.181818181818182
SAR,98.85711538461538,1:38.857,1.0,14.0,11.0,21.47,30.94,56.19,British Grand Prix,2023,,
STR,98.83501923076923,1:38.835,1.0,12.0,14.0,21.47,30.94,56.19,British Grand Prix,2023,14.575757575757576,12.212121212121213
TSU,99.00313461538462,1:39.003,2.0,16.0,16.0,21.47,30.94,56.19,British Grand Prix,2023,13.21875,13.09375
VER,96.8326862745098,1:36.832,1.0,1.0,1.0,21.47,30.94,56.19,British Grand Prix,2023,2.6666666666666665,4.545454545454546
ZHO,98.97611538461538,1:38.976,3.0,17.0,15.0,21.47,30.94,56.19,British Grand Prix,2023,13.666666666666666,14.833333333333334
ALB,85.76407246376812,1:25.764,2.0,16.0,11.0,28.81,48.58,32.8,Hungarian Grand Prix,2023,16.0,14.25
ALO,85.2049,1:25.204,2.0,8.0,9.0,28.81,48.58,32.8,Hungarian Grand Prix,2023,10.06060606060606,10.181818181818182
BOT,85.77844927536232,1:25.778,2.0,7.0,12.0,28.81,48.58,32.8,Hungarian Grand Prix,2023,5.96969696969697,8.696969696969697
GAS,124.981,2:04.980,,15.0,20.0,28.81,48.58,32.8,Hungarian Grand Prix,2023,8.575757575757576,11.242424242424242
HAM,84.6824,1:24.682,2.0,1.0,4.0,28.81,48.58,32.8,Hungarian Grand Prix,2023,3.9696969696969697,4.181818181818182
HUL,86.08597101449276,1:26.085,2.0,10.0,14.0,28.81,48.58,32.8,Hungarian Grand Prix,2023,17.5,14.5
LEC,85.05644285714286,1:25.056,2.0,6.0,7.0,28.81,48.58,32.8,Hungarian Grand Prix,2023,5.242424242424242,6.909090909090909
MAG,86.53601449275362,1:26.536,2.0,19.0,17.0,28.81,48.58,32.8,Hungarian Grand Prix,2023,12.166666666666666,12.75
NOR,84.60521428571428,1:24.605,2.0,3.0,2.0,28.81,48.58,32.8,Hungarian Grand Prix,2023,7.363636363636363,7.575757575757576
OCO,104.07300000000001,1:44.073,,12.0,19.0,28.81,48.58,32.8,Hungarian Grand Prix,2023,11.757575757575758,10.818181818181818
PER,84.66052857142857,1:24.660,2.0,9.0,3.0,28.81,48.58,32.8,Hungarian Grand Prix,2023,5.7272727272727275,6.0606060606060606
PIA,85.01722857142857,1:25.017,2.0,4.0,5.0,28.81,48.58,32.8,Hungarian Grand Prix,2023,,
RIC,85.86798550724637,1:25.867,2.0,13.0,13.0,28.81,48.58,32.8,Hungarian Grand Prix,2023,10.424242424242424,10.030303030303031
RUS,85.0637,1:25.063,2.0,18.0,6.0,28.81,48.58,32.8,Hungarian Grand Prix,2023,10.636363636363637,10.909090909090908
SAI,85.13867142857143,1:25.138,2.0,11.0,8.0,28.81,48.58,32.8,Hungarian Grand Prix,2023,6.2727272727272725,7.181818181818182
SAR,86.40632835820895,1:26.406,2.0,20.0,18.0,28.81,48.58,32.8,Hungarian Grand Prix,2023,,
STR,85.55433333333333,1:25.554,2.0,14.0,10.0,28.81,48.58,32.8,Hungarian Grand Prix,2023,14.575757575757576,12.212121212121213
TSU,86.08952173913043,1:26.089,2.0,17.0,15.0,28.81,48.58,32.8,Hungarian Grand Prix,2023,13.21875,13.09375
VER,84.12334285714286,1:24.123,2.0,2.0,1.0,28.81,48.58,32.8,Hungarian Grand Prix,2023,2.6666666666666665,4.545454545454546
ZHO,86.21920289855072,1:26.219,2.0,5.0,16.0,28.81,48.58,32.8,Hungarian Grand Prix,2023,13.666666666666666,14.833333333333334
ALB,114.69622727272727,1:54.696,3.0,16.0,14.0,17.87,28.24,61.93,Belgian Grand Prix,2023,16.0,14.25
ALO,113.78713636363636,1:53.787,2.0,9.0,5.0,17.87,28.24,61.93,Belgian Grand Prix,2023,10.06060606060606,10.181818181818182
BOT,114.44638636363635,1:54.446,2.0,14.0,12.0,17.87,28.24,61.93,Belgian Grand Prix,2023,5.96969696969697,8.696969696969697
GAS,114.3985,1:54.398,1.0,12.0,11.0,17.87,28.24,61.93,Belgian Grand Prix,2023,8.575757575757576,11.242424242424242
HAM,113.63911363636363,1:53.639,3.0,4.0,4.0,17.87,28.24,61.93,Belgian Grand Prix,2023,3.9696969696969697,4.181818181818182
HUL,115.02045454545454,1:55.020,3.0,20.0,18.0,17.87,28.24,61.93,Belgian Grand Prix,2023,17.5,14.5
LEC,113.24338636363636,1:53.243,2.0,2.0,3.0,17.87,28.24,61.93,Belgian Grand Prix,2023,5.242424242424242,6.909090909090909
MAG,114.82281818181818,1:54.822,2.0,13.0,15.0,17.87,28.24,61.93,Belgian Grand Prix,2023,12.166666666666666,12.75
NOR,114.18565909090908,1:54.185,2.0,7.0,7.0,17.87,28.24,61.93,Belgian Grand Prix,2023,7.363636363636363,7.575757575757576
OCO,114.20838636363636,1:54.208,2.0,15.0,8.0,17.87,28.24,61.93,Belgian Grand Prix,2023,11.757575757575758,10.818181818181818
PER,113.01715909090909,1:53.017,2.0,3.0,2.0,17.87,28.24,61.93,Belgian Grand Prix,2023,5.7272727272727275,6.0606060606060606
PIA,,,,6.0,20.0,17.87,28.24,61.93,Belgian Grand Prix,2023,,
RIC,114.85275,1:54.852,2.0,19.0,16.0,17.87,28.24,61.93,Belgian Grand Prix,2023,10.424242424242424,10.030303030303031
RUS,113.94434090909091,1:53.944,1.0,8.0,6.0,17.87,28.24,61.93,Belgian Grand Prix,2023,10.636363636363637,10.909090909090908
SAI,117.12369565217391,1:57.123,1.0,5.0,19.0,17.87,28.24,61.93,Belgian Grand Prix,2023,6.2727272727272725,7.181818181818182
SAR,114.88468181818183,1:54.884,3.0,18.0,17.0,17.87,28.24,61.93,Belgian Grand Prix,2023,,
STR,114.31340909090909,1:54.313,1.0,10.0,9.0,17.87,28.24,61.93,Belgian Grand Prix,2023,14.575757575757576,12.212121212121213
TSU,114.33343181818182,1:54.333,2.0,11.0,10.0,17.87,28.24,61.93,Belgian Grand Prix,2023,13.21875,13.09375
VER,112.51022727272726,1:52.510,2.0,1.0,1.0,17.87,28.24,61.93,Belgian Grand Prix,2023,2.6666666666666665,4.545454545454546
ZHO,114.6793409090909,1:54.679,2.0,17.0,13.0,17.87,28.24,61.93,Belgian Grand Prix,2023,13.666666666666666,14.833333333333334
ALB,84.98851428571429,1:24.988,4.0,4.0,8.0,16.79,24.94,70.78,Dutch Grand Prix,2023,16.0,14.25
ALO,85.24677464788732,1:25.246,5.0,5.0,2.0,16.79,24.94,70.78,Dutch Grand Prix,2023,10.06060606060606,10.181818181818182
BOT,85.77475714285714,1:25.774,5.0,19.0,14.0,16.79,24.94,70.78,Dutch Grand Prix,2023,5.96969696969697,8.696969696969697
GAS,84.4893,1:24.489,5.0,12.0,3.0,16.79,24.94,70.78,Dutch Grand Prix,2023,8.575757575757576,11.242424242424242
HAM,84.65327142857143,1:24.653,5.0,13.0,6.0,16.79,24.94,70.78,Dutch Grand Prix,2023,3.9696969696969697,4.181818181818182
HUL,85.61838571428572,1:25.618,5.0,15.0,12.0,16.79,24.94,70.78,Dutch Grand Prix,2023,17.5,14.5
LAW,85.92131428571429,1:25.921,7.0,20.0,13.0,16.79,24.94,70.78,Dutch Grand Prix,2023,,
LEC,87.3498780487805,1:27.349,2.0,9.0,19.0,16.79,24.94,70.78,Dutch Grand Prix,2023,5.242424242424242,6.909090909090909
MAG,86.85571830985916,1:26.855,7.0,18.0,16.0,16.79,24.94,70.78,Dutch Grand Prix,2023,12.166666666666666,12.75
NOR,84.88695714285714,1:24.886,6.0,2.0,7.0,16.79,24.94,70.78,Dutch Grand Prix,2023,7.363636363636363,7.575757575757576
OCO,85.20774285714286,1:25.207,6.0,17.0,10.0,16.79,24.94,70.78,Dutch Grand Prix,2023,11.757575757575758,10.818181818181818
PER,84.49738571428571,1:24.497,6.0,7.0,4.0,16.79,24.94,70.78,Dutch Grand Prix,2023,5.7272727272727275,6.0606060606060606
PIA,85.1408,1:25.140,5.0,8.0,9.0,16.79,24.94,70.78,Dutch Grand Prix,2023,,
RUS,85.50315714285713,1:25.503,7.0,3.0,17.0,16.79,24.94,70.78,Dutch Grand Prix,2023,10.636363636363637,10.909090909090908
SAI,84.59154285714287,1:24.591,5.0,6.0,5.0,16.79,24.94,70.78,Dutch Grand Prix,2023,6.2727272727272725,7.181818181818182
SAR,93.03057142857143,1:33.030,,10.0,20.0,16.79,24.94,70.78,Dutch Grand Prix,2023,,
STR,85.59101428571428,1:25.591,7.0,11.0,11.0,16.79,24.94,70.78,Dutch Grand Prix,2023,14.575757575757576,12.212121212121213
TSU,85.57545714285715,1:25.575,5.0,14.0,15.0,16.79,24.94,70.78,Dutch Grand Prix,2023,13.21875,13.09375
VER,84.77281690140845,1:24.772,6.0,1.0,1.0,16.79,24.94,70.78,Dutch Grand Prix,2023,2.6666666666666665,4.545454545454546
ZHO,84.21516129032258,1:24.215,4.0,16.0,18.0,16.79,24.94,70.78,Dutch Grand Prix,2023,13.666666666666666,14.833333333333334
ALB,87.57350980392157,1:27.573,1.0,6.0,7.0,29.33,42.93,42.32,Italian Grand Prix,2023,16.0,14.25
ALO,87.59680392156862,1:27.596,1.0,10.0,9.0,29.33,42.93,42.32,Italian Grand Prix,2023,10.06060606060606,10.181818181818182
BOT,87.9625,1:27.962,1.0,14.0,10.0,29.33,42.93,42.32,Italian Grand Prix,2023,5.96969696969697,8.696969696969697
GAS,88.29672000000001,1:28.296,2.0,17.0,15.0,29.33,42.93,42.32,Italian Grand Prix,2023,8.575757575757576,11.242424242424242
HAM,87.42788235294118,1:27.427,1.0,8.0,6.0,29.33,42.93,42.32,Italian Grand Prix,2023,3.9696969696969697,4.181818181818182
HUL,88.46472,1:28.464,2.0,13.0,17.0,29.33,42.93,42.32,Italian Grand Prix,2023,17.5,14.5
LAW,88.09858,1:28.098,2.0,12.0,11.0,29.33,42.93,42.32,Italian Grand Prix,2023,,
LEC,86.91215686274509,1:26.912,1.0,3.0,4.0,29.33,42.93,42.32,Italian Grand Prix,2023,5.242424242424242,6.909090909090909
MAG,88.67533999999999,1:28.675,2.0,19.0,18.0,29.33,42.93,42.32,Italian Grand Prix,2023,12.166666666666666,12.75
NOR,87.58023529411764,1:27.580,1.0,9.0,8.0,29.33,42.93,42.32,Italian Grand Prix,2023,7.363636363636363,7.575757575757576
OCO,89.10197435897436,1:29.101,1.0,18.0,19.0,29.33,42.93,42.32,Italian Grand Prix,2023,11.757575757575758,10.818181818181818
PER,86.80798039215686,1:26.807,1.0,5.0,2.0,29.33,42.93,42.32,Italian Grand Prix,2023,5.7272727272727275,6.0606060606060606
PIA,88.06116,1:28.061,2.0,7.0,12.0,29.33,42.93,42.32,Italian Grand Prix,2023,,
RUS,87.04256862745099,1:27.042,1.0,4.0,5.0,29.33,42.93,42.32,Italian Grand Prix,2023,10.636363636363637,10.909090909090908
SAI,86.90854901960785,1:26.908,1.0,1.0,3.0,29.33,42.93,42.32,Italian Grand Prix,2023,6.2727272727272725,7.181818181818182
SAR,88.12498,1:28.124,1.0,15.0,13.0,29.33,42.93,42.32,Italian Grand Prix,2023,,
STR,88.35495999999999,1:28.354,1.0,20.0,16.0,29.33,42.93,42.32,Italian Grand Prix,2023,14.575757575757576,12.212121212121213
TSU,,,,11.0,20.0,29.33,42.93,42.32,Italian Grand Prix,2023,13.21875,13.09375
VER,86.68907843137255,1:26.689,1.0,2.0,1.0,29.33,42.93,42.32,Italian Grand Prix,2023,2.6666666666666665,4.545454545454546
ZHO,88.27812,1:28.278,2.0,16.0,14.0,29.33,42.93,42.32,Italian Grand Prix,2023,13.666666666666666,14.833333333333334
ALB,102.39281666666668,1:42.392,2.0,14.0,11.0,29.84,36.42,72.03,Singapore Grand Prix,2023,16.0,14.25
ALO,103.40588524590164,1:43.405,2.0,7.0,15.0,29.84,36.42,72.03,Singapore Grand Prix,2023,10.06060606060606,10.181818181818182
BOT,104.46482,1:44.464,1.0,16.0,17.0,29.84,36.42,72.03,Singapore Grand Prix,2023,5.96969696969697,8.696969696969697
GAS,102.72396721311476,1:42.723,1.0,12.0,6.0,29.84,36.42,72.03,Singapore Grand Prix,2023,8.575757575757576,11.242424242424242
HAM,101.91575409836065,1:41.915,2.0,5.0,3.0,29.84,36.42,72.03,Singapore Grand Prix,2023,3.9696969696969697,4.181818181818182
HUL,103.40555737704918,1:43.405,1.0,9.0,13.0,29.84,36.42,72.03,Singapore Grand Prix,2023,17.5,14.5
LAW,103.13619672131148,1:43.136,1.0,10.0,9.0,29.84,36.42,72.03,Singapore Grand Prix,2023,,
LEC,102.19391803278688,1:42.193,1.0,3.0,4.0,29.84,36.42,72.03,Singapore Grand Prix,2023,5.242424242424242,6.909090909090909
MAG,102.34708333333333,1:42.347,2.0,6.0,10.0,29.84,36.42,72.03,Singapore Grand Prix,2023,12.166666666666666,12.75
NOR,101.91670491803278,1:41.916,1.0,4.0,2.0,29.84,36.42,72.03,Singapore Grand Prix,2023,7.363636363636363,7.575757575757576
OCO,102.65365853658537,1:42.653,1.0,8.0,18.0,29.84,36.42,72.03,Singapore Grand Prix,2023,11.757575757575758,10.818181818181818
PER,103.10345901639344,1:43.103,1.0,13.0,8.0,29.84,36.42,72.03,Singapore Grand Prix,2023,5.7272727272727275,6.0606060606060606
PIA,102.80545901639344,1:42.805,1.0,17.0,7.0,29.84,36.42,72.03,Singapore Grand Prix,2023,,
RUS,101.96138333333333,1:41.961,2.0,2.0,16.0,29.84,36.42,72.03,Singapore Grand Prix,2023,10.636363636363637,10.909090909090908
SAI,100.9673,1:40.967,1.0,1.0,1.0,29.84,36.42,72.03,Singapore Grand Prix,2023,6.2727272727272725,7.181818181818182
SAR,102.33605000000001,1:42.336,2.0,18.0,14.0,29.84,36.42,72.03,Singapore Grand Prix,2023,,
TSU,,,,15.0,19.0,29.84,36.42,72.03,Singapore Grand Prix,2023,13.21875,13.09375
VER,102.40618032786885,1:42.406,1.0,11.0,5.0,29.84,36.42,72.03,Singapore Grand Prix,2023,2.6666666666666665,4.545454545454546
ZHO,103.68568852459016,1:43.685,3.0,19.0,12.0,29.84,36.42,72.03,Singapore Grand Prix,2023,13.666666666666666,14.833333333333334
ALB,105.33678260869566,1:45.336,2.0,13.0,16.0,27.29,42.07,42.32,Japanese Grand Prix,2023,16.0,14.25
ALO,100.68494000000001,1:40.684,2.0,10.0,8.0,27.29,42.07,42.32,Japanese Grand Prix,2023,10.06060606060606,10.181818181818182
BOT,136.214,2:16.213,2.0,16.0,20.0,27.29,42.07,42.32,Japanese Grand Prix,2023,5.96969696969697,8.696969696969697
GAS,101.03768,1:41.037,2.0,12.0,10.0,27.29,42.07,42.32,Japanese Grand Prix,2023,8.575757575757576,11.242424242424242
HAM,100.20878,1:40.208,2.0,7.0,5.0,27.29,42.07,42.32,Japanese Grand Prix,2023,3.9696969696969697,4.181818181818182
HUL,101.59730612244898,1:41.597,3.0,18.0,14.0,27.29,42.07,42.32,Japanese Grand Prix,2023,17.5,14.5
LAW,101.39297959183673,1:41.392,2.0,11.0,11.0,27.29,42.07,42.32,Japanese Grand Prix,2023,,
LEC,100.03676,1:40.036,2.0,4.0,4.0,27.29,42.07,42.32,Japanese Grand Prix,2023,5.242424242424242,6.909090909090909
MAG,102.01616326530613,1:42.016,2.0,15.0,15.0,27.29,42.07,42.32,Japanese Grand Prix,2023,12.166666666666666,12.75
NOR,99.4957,1:39.495,2.0,3.0,2.0,27.29,42.07,42.32,Japanese Grand Prix,2023,7.363636363636363,7.575757575757576
OCO,102.17596078431373,1:42.175,2.0,14.0,9.0,27.29,42.07,42.32,Japanese Grand Prix,2023,11.757575757575758,10.818181818181818
PER,108.70920000000001,1:48.709,4.0,5.0,19.0,27.29,42.07,42.32,Japanese Grand Prix,2023,5.7272727272727275,6.0606060606060606
PIA,99.85790000000001,1:39.857,2.0,2.0,3.0,27.29,42.07,42.32,Japanese Grand Prix,2023,,
RUS,100.41562,1:40.415,1.0,8.0,7.0,27.29,42.07,42.32,Japanese Grand Prix,2023,10.636363636363637,10.909090909090908
SAI,100.17446,1:40.174,2.0,6.0,6.0,27.29,42.07,42.32,Japanese Grand Prix,2023,6.2727272727272725,7.181818181818182
SAR,108.36521052631578,1:48.365,4.0,20.0,17.0,27.29,42.07,42.32,Japanese Grand Prix,2023,,
STR,104.8075294117647,1:44.807,1.0,17.0,18.0,27.29,42.07,42.32,Japanese Grand Prix,2023,14.575757575757576,12.212121212121213
TSU,101.43257142857142,1:41.432,2.0,9.0,12.0,27.29,42.07,42.32,Japanese Grand Prix,2023,13.21875,13.09375
VER,99.06016,1:39.060,2.0,1.0,1.0,27.29,42.07,42.32,Japanese Grand Prix,2023,2.6666666666666665,4.545454545454546
ZHO,101.66618367346939,1:41.666,3.0,19.0,13.0,27.29,42.07,42.32,Japanese Grand Prix,2023,13.666666666666666,14.833333333333334
ALB,93.68740350877192,1:33.687,3.0,14.0,13.0,31.46,36.93,73.16,Qatar Grand Prix,2023,16.0,14.25
ALO,92.06441071428571,1:32.064,3.0,4.0,6.0,31.46,36.93,73.16,Qatar Grand Prix,2023,10.06060606060606,10.181818181818182
BOT,93.43387719298245,1:33.433,3.0,9.0,8.0,31.46,36.93,73.16,Qatar Grand Prix,2023,5.96969696969697,8.696969696969697
GAS,93.53452631578948,1:33.534,3.0,7.0,12.0,31.46,36.93,73.16,Qatar Grand Prix,2023,8.575757575757576,11.242424242424242
HAM,,,,3.0,19.0,31.46,36.93,73.16,Qatar Grand Prix,2023,3.9696969696969697,4.181818181818182
HUL,94.18308928571427,1:34.183,3.0,15.0,16.0,31.46,36.93,73.16,Qatar Grand Prix,2023,17.5,14.5
LAW,94.39778571428572,1:34.397,3.0,18.0,17.0,31.46,36.93,73.16,Qatar Grand Prix,2023,,
LEC,91.91016071428571,1:31.910,3.0,5.0,5.0,31.46,36.93,73.16,Qatar Grand Prix,2023,5.242424242424242,6.909090909090909
MAG,93.93596428571428,1:33.935,3.0,19.0,14.0,31.46,36.93,73.16,Qatar Grand Prix,2023,12.166666666666666,12.75
NOR,92.37082456140351,1:32.370,3.0,10.0,3.0,31.46,36.93,73.16,Qatar Grand Prix,2023,7.363636363636363,7.575757575757576
OCO,92.34016071428572,1:32.340,3.0,8.0,7.0,31.46,36.93,73.16,Qatar Grand Prix,2023,11.757575757575758,10.818181818181818
PER,93.5850701754386,1:33.585,4.0,13.0,10.0,31.46,36.93,73.16,Qatar Grand Prix,2023,5.7272727272727275,6.0606060606060606
PIA,91.260625,1:31.260,3.0,6.0,2.0,31.46,36.93,73.16,Qatar Grand Prix,2023,,
RUS,92.86468421052632,1:32.864,4.0,2.0,4.0,31.46,36.93,73.16,Qatar Grand Prix,2023,10.636363636363637,10.909090909090908
SAR,96.70515,1:36.705,2.0,16.0,18.0,31.46,36.93,73.16,Qatar Grand Prix,2023,,
STR,93.52315789473684,1:33.523,3.0,17.0,11.0,31.46,36.93,73.16,Qatar Grand Prix,2023,14.575757575757576,12.212121212121213
TSU,94.07367857142857,1:34.073,3.0,11.0,15.0,31.46,36.93,73.16,Qatar Grand Prix,2023,13.21875,13.09375
VER,91.17873214285714,1:31.178,3.0,1.0,1.0,31.46,36.93,73.16,Qatar Grand Prix,2023,2.6666666666666665,4.545454545454546
ZHO,93.60166666666667,1:33.601,3.0,20.0,9.0,31.46,36.93,73.16,Qatar Grand Prix,2023,13.666666666666666,14.833333333333334
ALB,103.62635714285715,1:43.626,2.0,18.0,9.0,29.96,40.63,41.91,United States Grand Prix,2023,16.0,14.25
ALO,103.63728571428571,1:43.637,3.0,17.0,16.0,29.96,40.63,41.91,United States Grand Prix,2023,10.06060606060606,10.181818181818182
BOT,103.92791071428572,1:43.927,2.0,13.0,12.0,29.96,40.63,41.91,United States Grand Prix,2023,5.96969696969697,8.696969696969697
GAS,103.02425000000001,1:43.024,2.0,7.0,6.0,29.96,40.63,41.91,United States Grand Prix,2023,8.575757575757576,11.242424242424242
HAM,102.20691071428571,1:42.206,2.0,3.0,19.0,29.96,40.63,41.91,United States Grand Prix,2023,3.9696969696969697,4.181818181818182
HUL,103.77260714285714,1:43.772,3.0,16.0,11.0,29.96,40.63,41.91,United States Grand Prix,2023,17.5,14.5
LEC,102.60757142857143,1:42.607,1.0,1.0,20.0,29.96,40.63,41.91,United States Grand Prix,2023,5.242424242424242,6.909090909090909
MAG,104.17152727272727,1:44.171,3.0,14.0,14.0,29.96,40.63,41.91,United States Grand Prix,2023,12.166666666666666,12.75
NOR,102.3587857142857,1:42.358,2.0,2.0,2.0,29.96,40.63,41.91,United States Grand Prix,2023,7.363636363636363,7.575757575757576
OCO,108.07483333333334,1:48.074,,8.0,18.0,29.96,40.63,41.91,United States Grand Prix,2023,11.757575757575758,10.818181818181818
PER,102.49682142857144,1:42.496,2.0,9.0,4.0,29.96,40.63,41.91,United States Grand Prix,2023,5.7272727272727275,6.0606060606060606
PIA,105.9564,1:45.956,,10.0,17.0,29.96,40.63,41.91,United States Grand Prix,2023,,
RIC,104.18570909090909,1:44.185,2.0,15.0,15.0,29.96,40.63,41.91,United States Grand Prix,2023,10.424242424242424,10.030303030303031
RUS,102.61358928571428,1:42.613,2.0,5.0,5.0,29.96,40.63,41.91,United States Grand Prix,2023,10.636363636363637,10.909090909090908
SAI,102.43742857142857,1:42.437,2.0,4.0,3.0,29.96,40.63,41.91,United States Grand Prix,2023,6.2727272727272725,7.181818181818182
SAR,103.73857142857142,1:43.738,2.0,20.0,10.0,29.96,40.63,41.91,United States Grand Prix,2023,,
STR,103.03675,1:43.036,3.0,19.0,7.0,29.96,40.63,41.91,United States Grand Prix,2023,14.575757575757576,12.212121212121213
TSU,103.49548214285714,1:43.495,3.0,11.0,8.0,29.96,40.63,41.91,United States Grand Prix,2023,13.21875,13.09375
VER,102.16717857142858,1:42.167,2.0,6.0,1.0,29.96,40.63,41.91,United States Grand Prix,2023,2.6666666666666665,4.545454545454546
ZHO,104.08978181818182,1:44.089,2.0,12.0,13.0,29.96,40.63,41.91,United States Grand Prix,2023,13.666666666666666,14.833333333333334
ALB,85.64076811594202,1:25.640,2.0,14.0,9.0,25.55,45.64,23.55,Mexico City Grand Prix,2023,16.0,14.25
ALO,88.6859347826087,1:28.685,2.0,13.0,18.0,25.55,45.64,23.55,Mexico City Grand Prix,2023,10.06060606060606,10.181818181818182
BOT,87.02815714285715,1:27.028,2.0,9.0,15.0,25.55,45.64,23.55,Mexico City Grand Prix,2023,5.96969696969697,8.696969696969697
GAS,86.81901428571429,1:26.819,2.0,11.0,11.0,25.55,45.64,23.55,Mexico City Grand Prix,2023,8.575757575757576,11.242424242424242
HAM,84.11548529411765,1:24.115,2.0,6.0,2.0,25.55,45.64,23.55,Mexico City Grand Prix,2023,3.9696969696969697,4.181818181818182
HUL,87.0459,1:27.045,2.0,12.0,13.0,25.55,45.64,23.55,Mexico City Grand Prix,2023,17.5,14.5
LEC,84.19160294117648,1:24.191,2.0,1.0,3.0,25.55,45.64,23.55,Mexico City Grand Prix,2023,5.242424242424242,6.909090909090909
MAG,86.64558064516129,1:26.645,1.0,17.0,19.0,25.55,45.64,23.55,Mexico City Grand Prix,2023,12.166666666666666,12.75
NOR,86.34752857142857,1:26.347,3.0,19.0,5.0,25.55,45.64,23.55,Mexico City Grand Prix,2023,7.363636363636363,7.575757575757576
OCO,86.7628,1:26.762,1.0,16.0,10.0,25.55,45.64,23.55,Mexico City Grand Prix,2023,11.757575757575758,10.818181818181818
PER,103.446,1:43.445,,5.0,20.0,25.55,45.64,23.55,Mexico City Grand Prix,2023,5.7272727272727275,6.0606060606060606
PIA,86.51551428571429,1:26.515,2.0,7.0,8.0,25.55,45.64,23.55,Mexico City Grand Prix,2023,,
RIC,85.56749275362318,1:25.567,2.0,4.0,7.0,25.55,45.64,23.55,Mexico City Grand Prix,2023,10.424242424242424,10.030303030303031
RUS,86.48937142857143,1:26.489,2.0,8.0,6.0,25.55,45.64,23.55,Mexico City Grand Prix,2023,10.636363636363637,10.909090909090908
SAI,84.40054411764706,1:24.400,2.0,2.0,4.0,25.55,45.64,23.55,Mexico City Grand Prix,2023,6.2727272727272725,7.181818181818182
SAR,86.99588405797103,1:26.995,2.0,20.0,16.0,25.55,45.64,23.55,Mexico City Grand Prix,2023,,
STR,87.45212307692307,1:27.452,3.0,18.0,17.0,25.55,45.64,23.55,Mexico City Grand Prix,2023,14.575757575757576,12.212121212121213
TSU,87.05701428571429,1:27.057,2.0,15.0,12.0,25.55,45.64,23.55,Mexico City Grand Prix,2023,13.21875,13.09375
VER,83.6025882352941,1:23.602,3.0,3.0,1.0,25.55,45.64,23.55,Mexico City Grand Prix,2023,2.6666666666666665,4.545454545454546
ZHO,87.06287142857143,1:27.062,2.0,10.0,14.0,25.55,45.64,23.55,Mexico City Grand Prix,2023,13.666666666666666,14.833333333333334
ALB,,,,15.0,19.0,20.46,46.78,58.17,São Paulo Grand Prix,2023,16.0,14.25
ALO,78.74318571428572,1:18.743,4.0,4.0,3.0,20.46,46.78,58.17,São Paulo Grand Prix,2023,10.06060606060606,10.181818181818182
BOT,81.43955263157895,1:21.439,3.0,18.0,16.0,20.46,46.78,58.17,São Paulo Grand Prix,2023,5.96969696969697,8.696969696969697
GAS,78.67128571428572,1:18.671,4.0,13.0,7.0,20.46,46.78,58.17,São Paulo Grand Prix,2023,8.575757575757576,11.242424242424242
HAM,79.15551428571429,1:19.155,4.0,5.0,8.0,20.46,46.78,58.17,São Paulo Grand Prix,2023,3.9696969696969697,4.181818181818182
HUL,79.57684057971014,1:19.576,4.0,11.0,12.0,20.46,46.78,58.17,São Paulo Grand Prix,2023,17.5,14.5
LEC,,,,2.0,20.0,20.46,46.78,58.17,São Paulo Grand Prix,2023,5.242424242424242,6.909090909090909
MAG,,,,14.0,18.0,20.46,46.78,58.17,São Paulo Grand Prix,2023,12.166666666666666,12.75
NOR,78.43897142857143,1:18.438,4.0,7.0,2.0,20.46,46.78,58.17,São Paulo Grand Prix,2023,7.363636363636363,7.575757575757576
OCO,79.07078260869565,1:19.070,5.0,12.0,10.0,20.46,46.78,58.17,São Paulo Grand Prix,2023,11.757575757575758,10.818181818181818
PER,78.7408,1:18.740,4.0,9.0,4.0,20.46,46.78,58.17,São Paulo Grand Prix,2023,5.7272727272727275,6.0606060606060606
PIA,78.34866176470588,1:18.348,4.0,10.0,14.0,20.46,46.78,58.17,São Paulo Grand Prix,2023,,
RIC,78.25714492753623,1:18.257,4.0,17.0,13.0,20.46,46.78,58.17,São Paulo Grand Prix,2023,10.424242424242424,10.030303030303031
RUS,80.73069642857142,1:20.730,4.0,6.0,15.0,20.46,46.78,58.17,São Paulo Grand Prix,2023,10.636363636363637,10.909090909090908
SAI,78.93827142857143,1:18.938,4.0,8.0,6.0,20.46,46.78,58.17,São Paulo Grand Prix,2023,6.2727272727272725,7.181818181818182
SAR,79.4660579710145,1:19.466,4.0,19.0,11.0,20.46,46.78,58.17,São Paulo Grand Prix,2023,,
STR,78.8465,1:18.846,4.0,3.0,5.0,20.46,46.78,58.17,São Paulo Grand Prix,2023,14.575757575757576,12.212121212121213
TSU,78.84042857142857,1:18.840,4.0,16.0,9.0,20.46,46.78,58.17,São Paulo Grand Prix,2023,13.21875,13.09375
VER,78.33891428571428,1:18.338,4.0,1.0,1.0,20.46,46.78,58.17,São Paulo Grand Prix,2023,2.6666666666666665,4.545454545454546
ZHO,85.58071428571428,1:25.580,3.0,20.0,17.0,20.46,46.78,58.17,São Paulo Grand Prix,2023,13.666666666666666,14.833333333333334
ALB,101.28077777777779,1:41.280,1.0,6.0,12.0,18.05,17.99,47.36,Las Vegas Grand Prix,2023,16.0,14.25
ALO,102.58660869565219,1:42.586,2.0,10.0,9.0,18.05,17.99,47.36,Las Vegas Grand Prix,2023,10.06060606060606,10.181818181818182
BOT,107.44702040816325,1:47.447,2.0,8.0,17.0,18.05,17.99,47.36,Las Vegas Grand Prix,2023,5.96969696969697,8.696969696969697
GAS,100.98935555555555,1:40.989,1.0,5.0,11.0,18.05,17.99,47.36,Las Vegas Grand Prix,2023,8.575757575757576,11.242424242424242
HAM,102.53736956521739,1:42.537,2.0,11.0,7.0,18.05,17.99,47.36,Las Vegas Grand Prix,2023,3.9696969696969697,4.181818181818182
HUL,103.42948780487806,1:43.429,2.0,13.0,19.0,18.05,17.99,47.36,Las Vegas Grand Prix,2023,17.5,14.5
LEC,99.8696888888889,1:39.869,1.0,1.0,2.0,18.05,17.99,47.36,Las Vegas Grand Prix,2023,5.242424242424242,6.909090909090909
MAG,101.70177777777778,1:41.701,2.0,9.0,13.0,18.05,17.99,47.36,Las Vegas Grand Prix,2023,12.166666666666666,12.75
NOR,124.8445,2:04.844,,16.0,20.0,18.05,17.99,47.36,Las Vegas Grand Prix,2023,7.363636363636363,7.575757575757576
OCO,100.75993333333334,1:40.759,1.0,17.0,4.0,18.05,17.99,47.36,Las Vegas Grand Prix,2023,11.757575757575758,10.818181818181818
PER,101.3956304347826,1:41.395,2.0,12.0,3.0,18.05,17.99,47.36,Las Vegas Grand Prix,2023,5.7272727272727275,6.0606060606060606
PIA,101.14095555555555,1:41.140,2.0,19.0,10.0,18.05,17.99,47.36,Las Vegas Grand Prix,2023,,
RIC,103.0329347826087,1:43.032,1.0,15.0,14.0,18.05,17.99,47.36,Las Vegas Grand Prix,2023,10.424242424242424,10.030303030303031
RUS,100.39648888888888,1:40.396,2.0,4.0,8.0,18.05,17.99,47.36,Las Vegas Grand Prix,2023,10.636363636363637,10.909090909090908
SAI,101.91695652173914,1:41.916,2.0,2.0,6.0,18.05,17.99,47.36,Las Vegas Grand Prix,2023,6.2727272727272725,7.181818181818182
SAR,101.57831111111112,1:41.578,1.0,7.0,16.0,18.05,17.99,47.36,Las Vegas Grand Prix,2023,,
STR,101.58449999999999,1:41.584,2.0,14.0,5.0,18.05,17.99,47.36,Las Vegas Grand Prix,2023,14.575757575757576,12.212121212121213
TSU,105.02797674418606,1:45.027,2.0,20.0,18.0,18.05,17.99,47.36,Las Vegas Grand Prix,2023,13.21875,13.09375
VER,99.95786666666667,1:39.957,2.0,3.0,1.0,18.05,17.99,47.36,Las Vegas Grand Prix,2023,2.6666666666666665,4.545454545454546
ZHO,101.77435555555554,1:41.774,1.0,18.0,15.0,18.05,17.99,47.36,Las Vegas Grand Prix,2023,13.666666666666666,14.833333333333334
ALB,91.30703448275862,1:31.307,2.0,14.0,14.0,26.96,33.46,51.0,Abu Dhabi Grand Prix,2023,16.0,14.25
ALO,90.72648275862069,1:30.726,2.0,7.0,7.0,26.96,33.46,51.0,Abu Dhabi Grand Prix,2023,10.06060606060606,10.181818181818182
BOT,91.84271929824561,1:31.842,1.0,18.0,19.0,26.96,33.46,51.0,Abu Dhabi Grand Prix,2023,5.96969696969697,8.696969696969697
GAS,91.25834482758621,1:31.258,2.0,10.0,13.0,26.96,33.46,51.0,Abu Dhabi Grand Prix,2023,8.575757575757576,11.242424242424242
HAM,90.8111724137931,1:30.811,2.0,11.0,9.0,26.96,33.46,51.0,Abu Dhabi Grand Prix,2023,3.9696969696969697,4.181818181818182
HUL,91.48827586206896,1:31.488,2.0,8.0,15.0,26.96,33.46,51.0,Abu Dhabi Grand Prix,2023,17.5,14.5
LEC,90.35546551724138,1:30.355,2.0,2.0,2.0,26.96,33.46,51.0,Abu Dhabi Grand Prix,2023,5.242424242424242,6.909090909090909
MAG,91.8859649122807,1:31.885,2.0,17.0,20.0,26.96,33.46,51.0,Abu Dhabi Grand Prix,2023,12.166666666666666,12.75
NOR,90.46393103448277,1:30.463,2.0,5.0,5.0,26.96,33.46,51.0,Abu Dhabi Grand Prix,2023,7.363636363636363,7.575757575757576
OCO,91.18960344827586,1:31.189,1.0,12.0,12.0,26.96,33.46,51.0,Abu Dhabi Grand Prix,2023,11.757575757575758,10.818181818181818
PER,90.32891379310345,1:30.328,2.0,9.0,4.0,26.96,33.46,51.0,Abu Dhabi Grand Prix,2023,5.7272727272727275,6.0606060606060606
PIA,90.58812068965517,1:30.588,2.0,3.0,6.0,26.96,33.46,51.0,Abu Dhabi Grand Prix,2023,,
RIC,91.01470689655173,1:31.014,2.0,15.0,11.0,26.96,33.46,51.0,Abu Dhabi Grand Prix,2023,10.424242424242424,10.030303030303031
RUS,90.39572413793104,1:30.395,2.0,4.0,3.0,26.96,33.46,51.0,Abu Dhabi Grand Prix,2023,10.636363636363637,10.909090909090908
SAI,91.41970175438595,1:31.419,2.0,16.0,18.0,26.96,33.46,51.0,Abu Dhabi Grand Prix,2023,6.2727272727272725,7.181818181818182
SAR,91.55887931034482,1:31.558,2.0,20.0,16.0,26.96,33.46,51.0,Abu Dhabi Grand Prix,2023,,
STR,91.00441379310345,1:31.004,2.0,13.0,10.0,26.96,33.46,51.0,Abu Dhabi Grand Prix,2023,14.575757575757576,12.212121212121213
TSU,90.78813793103447,1:30.788,1.0,6.0,8.0,26.96,33.46,51.0,Abu Dhabi Grand Prix,2023,13.21875,13.09375
VER,90.04524137931034,1:30.045,2.0,1.0,1.0,26.96,33.46,51.0,Abu Dhabi Grand Prix,2023,2.6666666666666665,4.545454545454546
ZHO,91.587,1:31.587,2.0,19.0,17.0,26.96,33.46,51.0,Abu Dhabi Grand Prix,2023,13.666666666666666,14.833333333333334
